[{"model": "admin.logentry", "pk": 1, "fields": {"action_time": "2024-04-06T08:30:53.979Z", "user": 1, "content_type": 8, "object_id": "8ec8071e-3e28-4ba2-8ead-3d3b4a979f59", "object_repr": "Book object (8ec8071e-3e28-4ba2-8ead-3d3b4a979f59)", "action_flag": 1, "change_message": "[{\"added\": {}}]"}}, {"model": "admin.logentry", "pk": 2, "fields": {"action_time": "2024-04-06T08:32:22.173Z", "user": 1, "content_type": 8, "object_id": "79bad6e9-abcb-424b-a26a-92f03a222181", "object_repr": "Book object (79bad6e9-abcb-424b-a26a-92f03a222181)", "action_flag": 1, "change_message": "[{\"added\": {}}]"}}, {"model": "admin.logentry", "pk": 3, "fields": {"action_time": "2024-04-06T08:32:50.822Z", "user": 1, "content_type": 8, "object_id": "9c7b7e98-4d7a-4683-b995-669785dbb2d6", "object_repr": "Book object (9c7b7e98-4d7a-4683-b995-669785dbb2d6)", "action_flag": 1, "change_message": "[{\"added\": {}}]"}}, {"model": "admin.logentry", "pk": 4, "fields": {"action_time": "2024-04-06T08:40:41.120Z", "user": 1, "content_type": 7, "object_id": "1", "object_repr": "Стив Макконнелл", "action_flag": 1, "change_message": "[{\"added\": {}}]"}}, {"model": "admin.logentry", "pk": 5, "fields": {"action_time": "2024-04-06T08:49:00.769Z", "user": 1, "content_type": 7, "object_id": "1", "object_repr": "Стив Макконнелл", "action_flag": 2, "change_message": "[{\"changed\": {\"fields\": [\"Books\"]}}]"}}, {"model": "admin.logentry", "pk": 6, "fields": {"action_time": "2024-04-06T08:52:56.023Z", "user": 1, "content_type": 8, "object_id": "430b04cc-719f-453f-a726-f2aaad96c5d9", "object_repr": "Программист-прагматик", "action_flag": 1, "change_message": "[{\"added\": {}}]"}}, {"model": "admin.logentry", "pk": 7, "fields": {"action_time": "2024-04-06T08:53:16.296Z", "user": 1, "content_type": 7, "object_id": "2", "object_repr": "Девид Томас", "action_flag": 1, "change_message": "[{\"added\": {}}]"}}, {"model": "admin.logentry", "pk": 8, "fields": {"action_time": "2024-04-06T08:53:28.949Z", "user": 1, "content_type": 7, "object_id": "3", "object_repr": "Эндрю Хант", "action_flag": 1, "change_message": "[{\"added\": {}}]"}}, {"model": "admin.logentry", "pk": 9, "fields": {"action_time": "2024-04-06T08:53:52.178Z", "user": 1, "content_type": 8, "object_id": "76ce19c9-9e2e-4d55-9288-debcca1e82b9", "object_repr": "Чистый код", "action_flag": 1, "change_message": "[{\"added\": {}}]"}}, {"model": "admin.logentry", "pk": 10, "fields": {"action_time": "2024-04-06T08:54:04.075Z", "user": 1, "content_type": 7, "object_id": "4", "object_repr": "Роберт Мартин", "action_flag": 1, "change_message": "[{\"added\": {}}]"}}, {"model": "admin.logentry", "pk": 11, "fields": {"action_time": "2024-04-06T10:35:56.020Z", "user": 1, "content_type": 7, "object_id": "1", "object_repr": "Стив Макконнелл", "action_flag": 2, "change_message": "[{\"changed\": {\"fields\": [\"Books\"]}}]"}}, {"model": "admin.logentry", "pk": 12, "fields": {"action_time": "2024-04-06T17:55:01.882Z", "user": 1, "content_type": 7, "object_id": "4", "object_repr": "Роберт Мартин", "action_flag": 2, "change_message": "[]"}}, {"model": "admin.logentry", "pk": 13, "fields": {"action_time": "2024-04-07T08:32:43.944Z", "user": 1, "content_type": 7, "object_id": "e9123ce8-e965-4cf7-83de-10942840ef49", "object_repr": "Стив Макконнелл", "action_flag": 2, "change_message": "[{\"changed\": {\"fields\": [\"Books\"]}}]"}}, {"model": "admin.logentry", "pk": 14, "fields": {"action_time": "2024-04-07T08:33:19.828Z", "user": 1, "content_type": 7, "object_id": "b1966f1d-6e6c-4c45-933d-524def9a6f02", "object_repr": "Роберт Мартин", "action_flag": 2, "change_message": "[]"}}, {"model": "admin.logentry", "pk": 15, "fields": {"action_time": "2024-04-07T08:34:08.015Z", "user": 1, "content_type": 7, "object_id": "765f9676-ffb7-4248-b72f-7be7c97f5f69", "object_repr": "Девид Томас", "action_flag": 2, "change_message": "[{\"changed\": {\"fields\": [\"Books\"]}}]"}}, {"model": "admin.logentry", "pk": 16, "fields": {"action_time": "2024-04-07T08:34:26.119Z", "user": 1, "content_type": 7, "object_id": "3a0d1431-e7b1-40cc-9ff3-9236dfbbb229", "object_repr": "Эндрю Хант", "action_flag": 2, "change_message": "[]"}}, {"model": "admin.logentry", "pk": 17, "fields": {"action_time": "2024-04-07T08:34:32.987Z", "user": 1, "content_type": 7, "object_id": "e9123ce8-e965-4cf7-83de-10942840ef49", "object_repr": "Стив Макконнелл", "action_flag": 2, "change_message": "[{\"changed\": {\"fields\": [\"Books\"]}}]"}}, {"model": "admin.logentry", "pk": 18, "fields": {"action_time": "2024-04-07T08:34:38.104Z", "user": 1, "content_type": 7, "object_id": "b1966f1d-6e6c-4c45-933d-524def9a6f02", "object_repr": "Роберт Мартин", "action_flag": 2, "change_message": "[]"}}, {"model": "admin.logentry", "pk": 19, "fields": {"action_time": "2024-04-07T08:34:40.601Z", "user": 1, "content_type": 7, "object_id": "765f9676-ffb7-4248-b72f-7be7c97f5f69", "object_repr": "Девид Томас", "action_flag": 2, "change_message": "[]"}}, {"model": "admin.logentry", "pk": 20, "fields": {"action_time": "2024-04-07T08:34:43.129Z", "user": 1, "content_type": 7, "object_id": "3a0d1431-e7b1-40cc-9ff3-9236dfbbb229", "object_repr": "Эндрю Хант", "action_flag": 2, "change_message": "[]"}}, {"model": "admin.logentry", "pk": 21, "fields": {"action_time": "2024-04-07T09:16:59.433Z", "user": 1, "content_type": 7, "object_id": "e9123ce8-e965-4cf7-83de-10942840ef49", "object_repr": "Стив Макконнелл", "action_flag": 2, "change_message": "[{\"changed\": {\"fields\": [\"Books\"]}}]"}}, {"model": "admin.logentry", "pk": 22, "fields": {"action_time": "2024-04-07T10:33:01.092Z", "user": 1, "content_type": 7, "object_id": "e9123ce8-e965-4cf7-83de-10942840ef49", "object_repr": "Стив Макконнелл", "action_flag": 2, "change_message": "[{\"changed\": {\"fields\": [\"Books\"]}}]"}}, {"model": "admin.logentry", "pk": 23, "fields": {"action_time": "2024-04-07T11:00:05.144Z", "user": 1, "content_type": 7, "object_id": "8721dc4e-dd2b-4532-b96e-15961b07fc9c", "object_repr": "Роберт Мартин", "action_flag": 2, "change_message": "[{\"changed\": {\"fields\": [\"Books\"]}}]"}}, {"model": "admin.logentry", "pk": 24, "fields": {"action_time": "2024-04-07T11:03:01.518Z", "user": 1, "content_type": 7, "object_id": "8721dc4e-dd2b-4532-b96e-15961b07fc9c", "object_repr": "Не Роберт Мартин", "action_flag": 2, "change_message": "[{\"changed\": {\"fields\": [\"Books\"]}}]"}}, {"model": "admin.logentry", "pk": 25, "fields": {"action_time": "2024-04-07T11:17:58.962Z", "user": 1, "content_type": 7, "object_id": "8721dc4e-dd2b-4532-b96e-15961b07fc9c", "object_repr": "Роберт Мартин", "action_flag": 2, "change_message": "[{\"changed\": {\"fields\": [\"Books\"]}}]"}}, {"model": "admin.logentry", "pk": 26, "fields": {"action_time": "2024-04-07T11:19:43.238Z", "user": 1, "content_type": 7, "object_id": "8721dc4e-dd2b-4532-b96e-15961b07fc9c", "object_repr": "Не Роберт Мартин", "action_flag": 2, "change_message": "[{\"changed\": {\"fields\": [\"Books\"]}}]"}}, {"model": "admin.logentry", "pk": 27, "fields": {"action_time": "2024-04-07T11:24:17.442Z", "user": 1, "content_type": 7, "object_id": "8721dc4e-dd2b-4532-b96e-15961b07fc9c", "object_repr": "Роберт Мартин", "action_flag": 2, "change_message": "[{\"changed\": {\"fields\": [\"Books\"]}}]"}}, {"model": "admin.logentry", "pk": 28, "fields": {"action_time": "2024-04-07T11:44:19.269Z", "user": 1, "content_type": 7, "object_id": "e9123ce8-e965-4cf7-83de-10942840ef49", "object_repr": "Стив Макконнелл", "action_flag": 2, "change_message": "[]"}}, {"model": "admin.logentry", "pk": 29, "fields": {"action_time": "2024-04-07T11:45:54.957Z", "user": 1, "content_type": 8, "object_id": "944137bb-2d26-43aa-8205-1e69fcc2027e", "object_repr": "Паттерны объектно-ориентированного проектирования", "action_flag": 1, "change_message": "[{\"added\": {}}]"}}, {"model": "admin.logentry", "pk": 30, "fields": {"action_time": "2024-04-07T11:47:05.597Z", "user": 1, "content_type": 7, "object_id": "0646d2e1-0302-4dbe-81b5-a72afda39e2a", "object_repr": "Эрих Гамма", "action_flag": 1, "change_message": "[{\"added\": {}}]"}}, {"model": "admin.logentry", "pk": 31, "fields": {"action_time": "2024-04-07T11:47:14.531Z", "user": 1, "content_type": 7, "object_id": "5a10a6f9-0cd1-456f-9b99-0e2ae4fa521e", "object_repr": "Джон Влиссидес", "action_flag": 1, "change_message": "[{\"added\": {}}]"}}, {"model": "admin.logentry", "pk": 32, "fields": {"action_time": "2024-04-07T11:47:24.710Z", "user": 1, "content_type": 7, "object_id": "b0428acf-8ef9-4c76-a471-56d2de7c191a", "object_repr": "Ральф Джонсон", "action_flag": 1, "change_message": "[{\"added\": {}}]"}}, {"model": "admin.logentry", "pk": 33, "fields": {"action_time": "2024-04-07T11:47:32.925Z", "user": 1, "content_type": 7, "object_id": "e6ccb247-58d1-41be-9e14-5afce2dcd1f4", "object_repr": "Ричард Хелм", "action_flag": 1, "change_message": "[{\"added\": {}}]"}}, {"model": "admin.logentry", "pk": 34, "fields": {"action_time": "2024-04-07T11:48:01.875Z", "user": 1, "content_type": 8, "object_id": "4e5d39f1-af7b-47f6-aac7-558ad75053f2", "object_repr": "Head First. Паттерны проектирования", "action_flag": 1, "change_message": "[{\"added\": {}}]"}}, {"model": "admin.logentry", "pk": 35, "fields": {"action_time": "2024-04-07T11:50:09.520Z", "user": 1, "content_type": 7, "object_id": "b37b5881-1188-49ae-9ce4-02e151e3f444", "object_repr": "Эрик Фримен", "action_flag": 1, "change_message": "[{\"added\": {}}]"}}, {"model": "admin.logentry", "pk": 36, "fields": {"action_time": "2024-04-07T11:50:15.951Z", "user": 1, "content_type": 7, "object_id": "b646549b-22c3-4479-8d57-dbbfb92bd363", "object_repr": "Элизабет Робсон", "action_flag": 1, "change_message": "[{\"added\": {}}]"}}, {"model": "admin.logentry", "pk": 37, "fields": {"action_time": "2024-04-07T11:50:23.802Z", "user": 1, "content_type": 7, "object_id": "95c37f52-ffff-4f86-94f8-674484502abf", "object_repr": "Кэти Сьерра", "action_flag": 1, "change_message": "[{\"added\": {}}]"}}, {"model": "admin.logentry", "pk": 38, "fields": {"action_time": "2024-04-07T11:50:30.231Z", "user": 1, "content_type": 7, "object_id": "1363242e-baff-4730-9245-fc2d7c2823d2", "object_repr": "Берт Бейтс", "action_flag": 1, "change_message": "[{\"added\": {}}]"}}, {"model": "admin.logentry", "pk": 39, "fields": {"action_time": "2024-04-07T11:52:03.980Z", "user": 1, "content_type": 8, "object_id": "655e06ad-b468-4de9-b1d4-2e745cfe08ef", "object_repr": "Шаблоны корпоративных приложений", "action_flag": 1, "change_message": "[{\"added\": {}}]"}}, {"model": "admin.logentry", "pk": 40, "fields": {"action_time": "2024-04-07T11:52:13.139Z", "user": 1, "content_type": 7, "object_id": "6bede439-1600-4b4d-9d6c-ef789f44d87c", "object_repr": "Мартин Фаулер", "action_flag": 1, "change_message": "[{\"added\": {}}]"}}, {"model": "admin.logentry", "pk": 41, "fields": {"action_time": "2024-04-07T11:53:31.526Z", "user": 1, "content_type": 8, "object_id": "34977bf8-5d6e-4314-988a-33a0e856a7a3", "object_repr": "Психбольница в руках пациентов", "action_flag": 1, "change_message": "[{\"added\": {}}]"}}, {"model": "admin.logentry", "pk": 42, "fields": {"action_time": "2024-04-07T11:53:42.575Z", "user": 1, "content_type": 7, "object_id": "f385d222-12a9-453b-a277-bd0df7106b6d", "object_repr": "Алан Купер", "action_flag": 1, "change_message": "[{\"added\": {}}]"}}, {"model": "admin.logentry", "pk": 43, "fields": {"action_time": "2024-04-07T11:53:55.819Z", "user": 1, "content_type": 8, "object_id": "a636e9ce-b01e-4fac-8da6-951c223b1b89", "object_repr": "Искусство программирования", "action_flag": 1, "change_message": "[{\"added\": {}}]"}}, {"model": "admin.logentry", "pk": 44, "fields": {"action_time": "2024-04-07T11:54:04.872Z", "user": 1, "content_type": 7, "object_id": "e2cd3f45-50fd-45f0-93b5-91bbce690f82", "object_repr": "Дональд Кнут", "action_flag": 1, "change_message": "[{\"added\": {}}]"}}, {"model": "admin.logentry", "pk": 45, "fields": {"action_time": "2024-04-07T11:55:15.437Z", "user": 1, "content_type": 8, "object_id": "e60385d5-1ef7-4e84-94f7-d670f8a0774b", "object_repr": "Грокаем алгоритмы Иллюстрированное пособие для программистов и любопытствующих", "action_flag": 1, "change_message": "[{\"added\": {}}]"}}, {"model": "admin.logentry", "pk": 46, "fields": {"action_time": "2024-04-07T11:55:25.974Z", "user": 1, "content_type": 7, "object_id": "ac42e279-8379-4e3c-961e-572944d4d6a3", "object_repr": "Адитья Бхаргава", "action_flag": 1, "change_message": "[{\"added\": {}}]"}}, {"model": "admin.logentry", "pk": 47, "fields": {"action_time": "2024-04-07T12:00:17.854Z", "user": 1, "content_type": 8, "object_id": "807bb05c-2e2e-4e2c-984f-c7d61450f5da", "object_repr": "Алгоритмы. Построение и анализ", "action_flag": 1, "change_message": "[{\"added\": {}}]"}}, {"model": "admin.logentry", "pk": 48, "fields": {"action_time": "2024-04-07T12:00:34.272Z", "user": 1, "content_type": 7, "object_id": "dd944852-438a-4154-9c93-75e608683ad3", "object_repr": "Томас Кормен", "action_flag": 1, "change_message": "[{\"added\": {}}]"}}, {"model": "admin.logentry", "pk": 49, "fields": {"action_time": "2024-04-07T12:00:41.797Z", "user": 1, "content_type": 7, "object_id": "1fdaf384-6612-483d-97c0-db76fb818583", "object_repr": "Чарльз Лейзерсон", "action_flag": 1, "change_message": "[{\"added\": {}}]"}}, {"model": "admin.logentry", "pk": 50, "fields": {"action_time": "2024-04-07T12:00:49.713Z", "user": 1, "content_type": 7, "object_id": "e20eceb4-b543-4e04-95ee-bbbb5173ab68", "object_repr": "Рональд Ривест", "action_flag": 1, "change_message": "[{\"added\": {}}]"}}, {"model": "admin.logentry", "pk": 51, "fields": {"action_time": "2024-04-07T12:00:55.584Z", "user": 1, "content_type": 7, "object_id": "b00dda61-542a-4e5a-9bff-24c64a8a0a68", "object_repr": "Клиффорд Штайн", "action_flag": 1, "change_message": "[{\"added\": {}}]"}}, {"model": "admin.logentry", "pk": 52, "fields": {"action_time": "2024-04-07T12:01:12.358Z", "user": 1, "content_type": 8, "object_id": "4cb5a592-b038-4e6c-97d0-cb2861011a65", "object_repr": "Мифический человеко-месяц", "action_flag": 1, "change_message": "[{\"added\": {}}]"}}, {"model": "admin.logentry", "pk": 53, "fields": {"action_time": "2024-04-07T12:01:23.990Z", "user": 1, "content_type": 7, "object_id": "11c9eabd-ffd5-4909-a545-9b38440b8ca5", "object_repr": "Фредерик Брукс", "action_flag": 1, "change_message": "[{\"added\": {}}]"}}, {"model": "admin.logentry", "pk": 54, "fields": {"action_time": "2024-04-07T12:02:19.909Z", "user": 1, "content_type": 8, "object_id": "c79cce91-b0fa-495a-b96b-08b4d5cd315e", "object_repr": "Рефакторинг Улучшение проекта, существующего кода", "action_flag": 1, "change_message": "[{\"added\": {}}]"}}, {"model": "admin.logentry", "pk": 55, "fields": {"action_time": "2024-04-07T12:02:48.351Z", "user": 1, "content_type": 7, "object_id": "6bede439-1600-4b4d-9d6c-ef789f44d87c", "object_repr": "Мартин Фаулер", "action_flag": 2, "change_message": "[{\"changed\": {\"fields\": [\"Books\"]}}]"}}, {"model": "admin.logentry", "pk": 56, "fields": {"action_time": "2024-04-07T12:03:00.810Z", "user": 1, "content_type": 8, "object_id": "06f9f85f-c474-4513-b853-47e5305fdab5", "object_repr": "Эффективная работа с унаследованным кодом", "action_flag": 1, "change_message": "[{\"added\": {}}]"}}, {"model": "admin.logentry", "pk": 57, "fields": {"action_time": "2024-04-07T12:03:10.793Z", "user": 1, "content_type": 7, "object_id": "65a78b2c-5e38-4101-aec6-49a97da5580b", "object_repr": "Майкл Физерс", "action_flag": 1, "change_message": "[{\"added\": {}}]"}}, {"model": "admin.logentry", "pk": 58, "fields": {"action_time": "2024-04-07T12:06:26.583Z", "user": 1, "content_type": 7, "object_id": "6bede439-1600-4b4d-9d6c-ef789f44d87c", "object_repr": "Мартин Фаулер", "action_flag": 2, "change_message": "[]"}}, {"model": "admin.logentry", "pk": 59, "fields": {"action_time": "2024-04-07T12:06:38.047Z", "user": 1, "content_type": 7, "object_id": "4ca1358a-de83-4554-b86a-89dca02bbcae", "object_repr": "Кентом Беком", "action_flag": 1, "change_message": "[{\"added\": {}}]"}}, {"model": "admin.logentry", "pk": 60, "fields": {"action_time": "2024-04-07T12:06:57.305Z", "user": 1, "content_type": 7, "object_id": "40c36eea-fbc7-453c-b745-6148e004eac7", "object_repr": "Джоном Брантом", "action_flag": 1, "change_message": "[{\"added\": {}}]"}}, {"model": "admin.logentry", "pk": 61, "fields": {"action_time": "2024-04-07T12:07:14.187Z", "user": 1, "content_type": 7, "object_id": "193d132a-b01c-4026-8f2f-233084638b69", "object_repr": "Дон Робертс", "action_flag": 1, "change_message": "[{\"added\": {}}]"}}, {"model": "admin.logentry", "pk": 62, "fields": {"action_time": "2024-04-07T12:07:30.303Z", "user": 1, "content_type": 7, "object_id": "b6704c30-212c-4e46-9a19-df152721d8ce", "object_repr": "Уильям Апдайк", "action_flag": 1, "change_message": "[{\"added\": {}}]"}}, {"model": "admin.logentry", "pk": 63, "fields": {"action_time": "2024-04-07T12:07:46.409Z", "user": 1, "content_type": 7, "object_id": "40c36eea-fbc7-453c-b745-6148e004eac7", "object_repr": "Джон Брант", "action_flag": 2, "change_message": "[{\"changed\": {\"fields\": [\"Title\"]}}]"}}, {"model": "admin.logentry", "pk": 64, "fields": {"action_time": "2024-04-07T12:08:01.864Z", "user": 1, "content_type": 7, "object_id": "4ca1358a-de83-4554-b86a-89dca02bbcae", "object_repr": "Кент Бек", "action_flag": 2, "change_message": "[{\"changed\": {\"fields\": [\"Title\"]}}]"}}, {"model": "admin.logentry", "pk": 65, "fields": {"action_time": "2024-04-07T12:12:37.975Z", "user": 1, "content_type": 8, "object_id": "9cbcf2c8-04f9-4a2c-9f07-e36783fccdd1", "object_repr": "Идеальный программист", "action_flag": 1, "change_message": "[{\"added\": {}}]"}}, {"model": "admin.logentry", "pk": 66, "fields": {"action_time": "2024-04-07T12:12:55.536Z", "user": 1, "content_type": 7, "object_id": "8721dc4e-dd2b-4532-b96e-15961b07fc9c", "object_repr": "Роберт Мартин", "action_flag": 2, "change_message": "[{\"changed\": {\"fields\": [\"Books\"]}}]"}}, {"model": "admin.logentry", "pk": 67, "fields": {"action_time": "2024-04-07T12:13:39.833Z", "user": 1, "content_type": 8, "object_id": "661bdf56-9360-4fc6-8751-d7aaaf617c40", "object_repr": "Думай как программист Креативный подход к созданию кода. C++ версия", "action_flag": 1, "change_message": "[{\"added\": {}}]"}}, {"model": "admin.logentry", "pk": 68, "fields": {"action_time": "2024-04-07T12:13:50.187Z", "user": 1, "content_type": 7, "object_id": "1fd1b656-c9d2-4c45-850e-12d7446b8676", "object_repr": "Антон Спрол", "action_flag": 1, "change_message": "[{\"added\": {}}]"}}, {"model": "admin.logentry", "pk": 69, "fields": {"action_time": "2024-04-07T12:14:23.491Z", "user": 1, "content_type": 8, "object_id": "107aff17-7234-44b9-be61-b0b4a00e4d19", "object_repr": "Карьера программиста", "action_flag": 1, "change_message": "[{\"added\": {}}]"}}, {"model": "admin.logentry", "pk": 70, "fields": {"action_time": "2024-04-07T12:14:34.486Z", "user": 1, "content_type": 7, "object_id": "ce164a08-87ef-4d3b-bd03-ef1d6deda3d3", "object_repr": "Гейл Лакман Макдауэлл", "action_flag": 1, "change_message": "[{\"added\": {}}]"}}, {"model": "admin.logentry", "pk": 71, "fields": {"action_time": "2024-04-08T07:05:00.072Z", "user": 1, "content_type": 7, "object_id": "05c7f966-cbf8-4575-b58b-e33566ca0cf3", "object_repr": "string", "action_flag": 3, "change_message": ""}}, {"model": "admin.logentry", "pk": 72, "fields": {"action_time": "2024-04-08T07:05:04.978Z", "user": 1, "content_type": 7, "object_id": "f0e11a3a-9a2b-423c-9263-ee1517cae16b", "object_repr": "some author", "action_flag": 3, "change_message": ""}}, {"model": "admin.logentry", "pk": 73, "fields": {"action_time": "2024-04-08T07:19:14.331Z", "user": 1, "content_type": 7, "object_id": "e9123ce8-e965-4cf7-83de-10942840ef49", "object_repr": "Стив Макконнелл", "action_flag": 2, "change_message": "[{\"changed\": {\"fields\": [\"Title\"]}}]"}}, {"model": "admin.logentry", "pk": 74, "fields": {"action_time": "2024-04-09T10:15:25.179Z", "user": 1, "content_type": 8, "object_id": "1581b234-bd83-4f84-a5ca-8c2488f4951c", "object_repr": "asadsd", "action_flag": 3, "change_message": ""}}, {"model": "admin.logentry", "pk": 75, "fields": {"action_time": "2024-04-09T10:15:37.001Z", "user": 1, "content_type": 8, "object_id": "7e7ea06e-82e4-462c-8a37-7c756a8ff912", "object_repr": "asadsd 2", "action_flag": 3, "change_message": ""}}, {"model": "admin.logentry", "pk": 76, "fields": {"action_time": "2024-04-09T10:15:37.006Z", "user": 1, "content_type": 8, "object_id": "ac6d3bab-0ce1-4628-a927-c7ee2d8d6531", "object_repr": "Some book", "action_flag": 3, "change_message": ""}}, {"model": "admin.logentry", "pk": 77, "fields": {"action_time": "2024-04-09T10:15:37.008Z", "user": 1, "content_type": 8, "object_id": "565b4d85-a79c-4910-a188-ea466ead4db7", "object_repr": "Some book 2", "action_flag": 3, "change_message": ""}}, {"model": "admin.logentry", "pk": 78, "fields": {"action_time": "2024-04-09T10:15:37.009Z", "user": 1, "content_type": 8, "object_id": "2798e099-0b92-4132-a8b7-8b64afc1c012", "object_repr": "Some book 3", "action_flag": 3, "change_message": ""}}, {"model": "admin.logentry", "pk": 79, "fields": {"action_time": "2024-04-09T10:15:37.009Z", "user": 1, "content_type": 8, "object_id": "f4a7ae36-e2e6-4dad-b47a-086c02494f94", "object_repr": "Some book 4", "action_flag": 3, "change_message": ""}}, {"model": "admin.logentry", "pk": 80, "fields": {"action_time": "2024-04-09T10:15:37.010Z", "user": 1, "content_type": 8, "object_id": "9b39b923-b764-4eed-bb0e-ac7aa8ecb658", "object_repr": "Some book 5", "action_flag": 3, "change_message": ""}}, {"model": "admin.logentry", "pk": 81, "fields": {"action_time": "2024-04-09T10:15:37.010Z", "user": 1, "content_type": 8, "object_id": "d0b7f2e4-96c3-4f1f-8377-8f869e6363ec", "object_repr": "Some book 6", "action_flag": 3, "change_message": ""}}, {"model": "admin.logentry", "pk": 82, "fields": {"action_time": "2024-04-09T10:15:37.011Z", "user": 1, "content_type": 8, "object_id": "eee60f34-2b83-4b79-b9b0-9360bf6374b3", "object_repr": "Some book 7", "action_flag": 3, "change_message": ""}}, {"model": "admin.logentry", "pk": 83, "fields": {"action_time": "2024-04-09T10:15:37.011Z", "user": 1, "content_type": 8, "object_id": "bdd799a6-81af-4f80-b3a2-e511c15c2a0c", "object_repr": "Some book 8", "action_flag": 3, "change_message": ""}}, {"model": "admin.logentry", "pk": 84, "fields": {"action_time": "2024-04-09T10:15:45.070Z", "user": 1, "content_type": 8, "object_id": "44752061-2eee-4be0-b196-6d2ca907aea1", "object_repr": "Some book 9", "action_flag": 3, "change_message": ""}}, {"model": "admin.logentry", "pk": 85, "fields": {"action_time": "2024-04-09T10:15:45.076Z", "user": 1, "content_type": 8, "object_id": "aafb06bb-89fc-4810-a078-69a835a16de6", "object_repr": "В чем проблема", "action_flag": 3, "change_message": ""}}, {"model": "admin.logentry", "pk": 86, "fields": {"action_time": "2024-04-09T10:15:45.077Z", "user": 1, "content_type": 8, "object_id": "724c2353-e100-4c4a-a5d3-4419aed1f407", "object_repr": "В чем проблема 2", "action_flag": 3, "change_message": ""}}, {"model": "admin.logentry", "pk": 87, "fields": {"action_time": "2024-04-09T13:06:40.317Z", "user": 1, "content_type": 9, "object_id": "711e4bc2-2a99-4c85-9937-73183d7d03c0", "object_repr": "Программирование", "action_flag": 2, "change_message": "[{\"changed\": {\"fields\": [\"Books\"]}}]"}}, {"model": "admin.logentry", "pk": 88, "fields": {"action_time": "2024-04-09T13:28:10.964Z", "user": 1, "content_type": 8, "object_id": "356d73f9-a935-4527-849c-c114a02e8dec", "object_repr": "Властелин колец", "action_flag": 1, "change_message": "[{\"added\": {}}]"}}, {"model": "admin.logentry", "pk": 89, "fields": {"action_time": "2024-04-09T13:28:31.025Z", "user": 1, "content_type": 8, "object_id": "bdc9624b-68e0-4632-b752-ec40981717fa", "object_repr": "Дюна", "action_flag": 1, "change_message": "[{\"added\": {}}]"}}, {"model": "admin.logentry", "pk": 90, "fields": {"action_time": "2024-04-09T13:28:55.701Z", "user": 1, "content_type": 8, "object_id": "6cb57b17-53f4-4461-8b3a-b2ab3e134f56", "object_repr": "Песнь льда и огня", "action_flag": 1, "change_message": "[{\"added\": {}}]"}}, {"model": "admin.logentry", "pk": 91, "fields": {"action_time": "2024-04-09T13:30:06.305Z", "user": 1, "content_type": 8, "object_id": "50feb403-990b-4f1c-ab52-0f5a06289390", "object_repr": "1984.", "action_flag": 1, "change_message": "[{\"added\": {}}]"}}, {"model": "admin.logentry", "pk": 92, "fields": {"action_time": "2024-04-09T13:30:24.849Z", "user": 1, "content_type": 8, "object_id": "3311a396-acdb-414c-8683-dabf6fde0a99", "object_repr": "Сами боги", "action_flag": 1, "change_message": "[{\"added\": {}}]"}}, {"model": "admin.logentry", "pk": 93, "fields": {"action_time": "2024-04-09T13:30:58.025Z", "user": 1, "content_type": 8, "object_id": "807eb6c9-2fc1-4003-9615-716b0e52702a", "object_repr": "Свидание с Рамой", "action_flag": 1, "change_message": "[{\"added\": {}}]"}}, {"model": "admin.logentry", "pk": 94, "fields": {"action_time": "2024-04-09T13:31:09.529Z", "user": 1, "content_type": 8, "object_id": "920536d3-daf9-4039-a947-52bf1548f6a2", "object_repr": "Пикник на обочине", "action_flag": 1, "change_message": "[{\"added\": {}}]"}}, {"model": "admin.logentry", "pk": 95, "fields": {"action_time": "2024-04-09T13:31:20.852Z", "user": 1, "content_type": 8, "object_id": "1d31313d-316c-41e7-9bc2-d57cf836af08", "object_repr": "Говорящий от имени мёртвых", "action_flag": 1, "change_message": "[{\"added\": {}}]"}}, {"model": "admin.logentry", "pk": 96, "fields": {"action_time": "2024-04-09T13:32:25.353Z", "user": 1, "content_type": 7, "object_id": "2afc44c0-4721-4d87-86c2-6e13bffd924f", "object_repr": "Джон Толкин", "action_flag": 1, "change_message": "[{\"added\": {}}]"}}, {"model": "admin.logentry", "pk": 97, "fields": {"action_time": "2024-04-09T13:32:48.867Z", "user": 1, "content_type": 7, "object_id": "798cd5b9-ed05-4b63-9590-d31ae73a0569", "object_repr": "Фрэнк Герберт", "action_flag": 1, "change_message": "[{\"added\": {}}]"}}, {"model": "admin.logentry", "pk": 98, "fields": {"action_time": "2024-04-09T13:33:16.088Z", "user": 1, "content_type": 7, "object_id": "c4144c1c-dd64-4eae-99b0-db76961e4d6d", "object_repr": "Джордж Мартин", "action_flag": 1, "change_message": "[{\"added\": {}}]"}}, {"model": "admin.logentry", "pk": 99, "fields": {"action_time": "2024-04-09T13:33:27.816Z", "user": 1, "content_type": 7, "object_id": "ddc8f995-65f4-4f9d-bf38-149347bb4237", "object_repr": "Джордж Оруэлл", "action_flag": 1, "change_message": "[{\"added\": {}}]"}}, {"model": "admin.logentry", "pk": 100, "fields": {"action_time": "2024-04-09T13:33:43.390Z", "user": 1, "content_type": 7, "object_id": "2bdd4268-7678-4a09-9ea0-634bb325cbd5", "object_repr": "Айзек Азимов", "action_flag": 1, "change_message": "[{\"added\": {}}]"}}, {"model": "admin.logentry", "pk": 101, "fields": {"action_time": "2024-04-09T13:33:56.558Z", "user": 1, "content_type": 7, "object_id": "7628df7d-5d74-45dc-8e81-3df750024a15", "object_repr": "Артур Кларк", "action_flag": 1, "change_message": "[{\"added\": {}}]"}}, {"model": "admin.logentry", "pk": 102, "fields": {"action_time": "2024-04-09T13:34:17.726Z", "user": 1, "content_type": 7, "object_id": "91abb5ad-028a-4a6b-967b-f3aa75bb726c", "object_repr": "Аркадий Стругацкий", "action_flag": 1, "change_message": "[{\"added\": {}}]"}}, {"model": "admin.logentry", "pk": 103, "fields": {"action_time": "2024-04-09T13:34:36.337Z", "user": 1, "content_type": 7, "object_id": "62717281-6172-4ea6-8355-7feda05e880c", "object_repr": "Борис Стругацкий", "action_flag": 1, "change_message": "[{\"added\": {}}]"}}, {"model": "admin.logentry", "pk": 104, "fields": {"action_time": "2024-04-09T13:34:58.816Z", "user": 1, "content_type": 7, "object_id": "d091526f-1e3c-4885-897d-2defcc4b3842", "object_repr": "Орсон Скотт Кард", "action_flag": 1, "change_message": "[{\"added\": {}}]"}}, {"model": "admin.logentry", "pk": 105, "fields": {"action_time": "2024-04-09T13:35:07.517Z", "user": 1, "content_type": 8, "object_id": "50feb403-990b-4f1c-ab52-0f5a06289390", "object_repr": "1984.", "action_flag": 2, "change_message": "[]"}}, {"model": "admin.logentry", "pk": 106, "fields": {"action_time": "2024-04-09T13:35:38.545Z", "user": 1, "content_type": 9, "object_id": "079f21a0-b3d3-4f6d-af27-a78d0b4b38ab", "object_repr": "Фантастика", "action_flag": 2, "change_message": "[{\"changed\": {\"fields\": [\"Books\"]}}]"}}, {"model": "admin.logentry", "pk": 107, "fields": {"action_time": "2024-04-09T13:37:56.221Z", "user": 1, "content_type": 8, "object_id": "d924eb2e-7054-4f07-86e9-4539b83d3776", "object_repr": "Граф Монте-Кристо", "action_flag": 1, "change_message": "[{\"added\": {}}]"}}, {"model": "admin.logentry", "pk": 108, "fields": {"action_time": "2024-04-09T13:38:32.291Z", "user": 1, "content_type": 8, "object_id": "352afa3b-1040-4e7e-b3ad-c07b58ecdf28", "object_repr": "Записки юного врача", "action_flag": 1, "change_message": "[{\"added\": {}}]"}}, {"model": "admin.logentry", "pk": 109, "fields": {"action_time": "2024-04-09T13:38:46.077Z", "user": 1, "content_type": 8, "object_id": "211ff4b8-e7fb-4e33-ae85-a9dd63d69baf", "object_repr": "Три мушкетера", "action_flag": 1, "change_message": "[{\"added\": {}}]"}}, {"model": "admin.logentry", "pk": 110, "fields": {"action_time": "2024-04-09T13:40:16.084Z", "user": 1, "content_type": 8, "object_id": "d1acc871-3240-4d2d-81a3-72c1aa2853e5", "object_repr": "Отцы и дети", "action_flag": 1, "change_message": "[{\"added\": {}}]"}}, {"model": "admin.logentry", "pk": 111, "fields": {"action_time": "2024-04-09T13:40:44.864Z", "user": 1, "content_type": 8, "object_id": "7ecabdbc-2864-4367-b440-33d6b86ad9ce", "object_repr": "История Дэвида Копперфилда", "action_flag": 1, "change_message": "[{\"added\": {}}]"}}, {"model": "admin.logentry", "pk": 112, "fields": {"action_time": "2024-04-09T13:41:00.461Z", "user": 1, "content_type": 8, "object_id": "0c90fa39-82a0-4643-af88-68e5c0aab7a7", "object_repr": "Воскресение", "action_flag": 1, "change_message": "[{\"added\": {}}]"}}, {"model": "admin.logentry", "pk": 113, "fields": {"action_time": "2024-04-09T13:41:08.492Z", "user": 1, "content_type": 8, "object_id": "a5061672-5d6a-467c-8777-884183d620d8", "object_repr": "Война и мир", "action_flag": 1, "change_message": "[{\"added\": {}}]"}}, {"model": "admin.logentry", "pk": 114, "fields": {"action_time": "2024-04-09T13:41:24.771Z", "user": 1, "content_type": 8, "object_id": "2439ce85-a909-48dc-bef9-761b21ba7948", "object_repr": "Олеся", "action_flag": 1, "change_message": "[{\"added\": {}}]"}}, {"model": "admin.logentry", "pk": 115, "fields": {"action_time": "2024-04-09T13:41:50.126Z", "user": 1, "content_type": 8, "object_id": "b3bbe24b-d680-4083-ab35-11f2c9dcd2e0", "object_repr": "Вечера на хуторе близ Диканьки", "action_flag": 1, "change_message": "[{\"added\": {}}]"}}, {"model": "admin.logentry", "pk": 116, "fields": {"action_time": "2024-04-09T13:42:22.330Z", "user": 1, "content_type": 9, "object_id": "cb23f739-2481-42c3-8f6f-718a9c57737c", "object_repr": "Классика", "action_flag": 2, "change_message": "[{\"changed\": {\"fields\": [\"Books\"]}}]"}}, {"model": "admin.logentry", "pk": 117, "fields": {"action_time": "2024-04-09T13:48:30.534Z", "user": 1, "content_type": 7, "object_id": "e18b6b33-a351-4b86-b2d5-df756ce9fff3", "object_repr": "Николай Гоголь", "action_flag": 1, "change_message": "[{\"added\": {}}]"}}, {"model": "admin.logentry", "pk": 118, "fields": {"action_time": "2024-04-09T13:48:47.724Z", "user": 1, "content_type": 7, "object_id": "1649f56b-61c7-4775-a1eb-fbf859d39bab", "object_repr": "Александр Куприн", "action_flag": 1, "change_message": "[{\"added\": {}}]"}}, {"model": "admin.logentry", "pk": 119, "fields": {"action_time": "2024-04-09T13:49:12.045Z", "user": 1, "content_type": 7, "object_id": "b3a2e213-f4e5-4f9c-87fd-fe2e6fc8a30c", "object_repr": "Лев Толстой", "action_flag": 1, "change_message": "[{\"added\": {}}]"}}, {"model": "admin.logentry", "pk": 120, "fields": {"action_time": "2024-04-09T14:10:10.796Z", "user": 1, "content_type": 7, "object_id": "d16d87b9-f25c-4a32-ad64-cfd5a95eb6d2", "object_repr": "Иван Тургенев", "action_flag": 1, "change_message": "[{\"added\": {}}]"}}, {"model": "admin.logentry", "pk": 121, "fields": {"action_time": "2024-04-09T14:18:09.509Z", "user": 1, "content_type": 7, "object_id": "e3284404-8456-47af-b76b-6e7e96ba319d", "object_repr": "Александр Дюма", "action_flag": 1, "change_message": "[{\"added\": {}}]"}}, {"model": "admin.logentry", "pk": 122, "fields": {"action_time": "2024-04-09T14:18:26.698Z", "user": 1, "content_type": 7, "object_id": "99dd4655-f99f-4bb2-825c-924b1663d632", "object_repr": "Михаил Булгаков", "action_flag": 1, "change_message": "[{\"added\": {}}]"}}, {"model": "admin.logentry", "pk": 123, "fields": {"action_time": "2024-04-09T14:18:42.615Z", "user": 1, "content_type": 7, "object_id": "e3284404-8456-47af-b76b-6e7e96ba319d", "object_repr": "Александр Дюма", "action_flag": 2, "change_message": "[{\"changed\": {\"fields\": [\"Books\"]}}]"}}, {"model": "auth.permission", "pk": 1, "fields": {"name": "Can add log entry", "content_type": 1, "codename": "add_logentry"}}, {"model": "auth.permission", "pk": 2, "fields": {"name": "Can change log entry", "content_type": 1, "codename": "change_logentry"}}, {"model": "auth.permission", "pk": 3, "fields": {"name": "Can delete log entry", "content_type": 1, "codename": "delete_logentry"}}, {"model": "auth.permission", "pk": 4, "fields": {"name": "Can view log entry", "content_type": 1, "codename": "view_logentry"}}, {"model": "auth.permission", "pk": 5, "fields": {"name": "Can add permission", "content_type": 2, "codename": "add_permission"}}, {"model": "auth.permission", "pk": 6, "fields": {"name": "Can change permission", "content_type": 2, "codename": "change_permission"}}, {"model": "auth.permission", "pk": 7, "fields": {"name": "Can delete permission", "content_type": 2, "codename": "delete_permission"}}, {"model": "auth.permission", "pk": 8, "fields": {"name": "Can view permission", "content_type": 2, "codename": "view_permission"}}, {"model": "auth.permission", "pk": 9, "fields": {"name": "Can add group", "content_type": 3, "codename": "add_group"}}, {"model": "auth.permission", "pk": 10, "fields": {"name": "Can change group", "content_type": 3, "codename": "change_group"}}, {"model": "auth.permission", "pk": 11, "fields": {"name": "Can delete group", "content_type": 3, "codename": "delete_group"}}, {"model": "auth.permission", "pk": 12, "fields": {"name": "Can view group", "content_type": 3, "codename": "view_group"}}, {"model": "auth.permission", "pk": 13, "fields": {"name": "Can add user", "content_type": 4, "codename": "add_user"}}, {"model": "auth.permission", "pk": 14, "fields": {"name": "Can change user", "content_type": 4, "codename": "change_user"}}, {"model": "auth.permission", "pk": 15, "fields": {"name": "Can delete user", "content_type": 4, "codename": "delete_user"}}, {"model": "auth.permission", "pk": 16, "fields": {"name": "Can view user", "content_type": 4, "codename": "view_user"}}, {"model": "auth.permission", "pk": 17, "fields": {"name": "Can add content type", "content_type": 5, "codename": "add_contenttype"}}, {"model": "auth.permission", "pk": 18, "fields": {"name": "Can change content type", "content_type": 5, "codename": "change_contenttype"}}, {"model": "auth.permission", "pk": 19, "fields": {"name": "Can delete content type", "content_type": 5, "codename": "delete_contenttype"}}, {"model": "auth.permission", "pk": 20, "fields": {"name": "Can view content type", "content_type": 5, "codename": "view_contenttype"}}, {"model": "auth.permission", "pk": 21, "fields": {"name": "Can add session", "content_type": 6, "codename": "add_session"}}, {"model": "auth.permission", "pk": 22, "fields": {"name": "Can change session", "content_type": 6, "codename": "change_session"}}, {"model": "auth.permission", "pk": 23, "fields": {"name": "Can delete session", "content_type": 6, "codename": "delete_session"}}, {"model": "auth.permission", "pk": 24, "fields": {"name": "Can view session", "content_type": 6, "codename": "view_session"}}, {"model": "auth.permission", "pk": 25, "fields": {"name": "Can add author", "content_type": 7, "codename": "add_author"}}, {"model": "auth.permission", "pk": 26, "fields": {"name": "Can change author", "content_type": 7, "codename": "change_author"}}, {"model": "auth.permission", "pk": 27, "fields": {"name": "Can delete author", "content_type": 7, "codename": "delete_author"}}, {"model": "auth.permission", "pk": 28, "fields": {"name": "Can view author", "content_type": 7, "codename": "view_author"}}, {"model": "auth.permission", "pk": 29, "fields": {"name": "Can add book", "content_type": 8, "codename": "add_book"}}, {"model": "auth.permission", "pk": 30, "fields": {"name": "Can change book", "content_type": 8, "codename": "change_book"}}, {"model": "auth.permission", "pk": 31, "fields": {"name": "Can delete book", "content_type": 8, "codename": "delete_book"}}, {"model": "auth.permission", "pk": 32, "fields": {"name": "Can view book", "content_type": 8, "codename": "view_book"}}, {"model": "auth.permission", "pk": 33, "fields": {"name": "Can add genre", "content_type": 9, "codename": "add_genre"}}, {"model": "auth.permission", "pk": 34, "fields": {"name": "Can change genre", "content_type": 9, "codename": "change_genre"}}, {"model": "auth.permission", "pk": 35, "fields": {"name": "Can delete genre", "content_type": 9, "codename": "delete_genre"}}, {"model": "auth.permission", "pk": 36, "fields": {"name": "Can view genre", "content_type": 9, "codename": "view_genre"}}, {"model": "auth.user", "pk": 1, "fields": {"password": "pbkdf2_sha256$720000$6PqHigatj7GSQ4Q7K8WSIt$gpLamofJRl/761evBp7RhlLk21F03g74IS0J9vRMmcc=", "last_login": "2024-04-09T10:15:16.969Z", "is_superuser": true, "username": "Sasha", "first_name": "", "last_name": "", "email": "lau-1038254679@yandex.ru", "is_staff": true, "is_active": true, "date_joined": "2024-04-06T08:10:22.445Z", "groups": [], "user_permissions": []}}, {"model": "contenttypes.contenttype", "pk": 1, "fields": {"app_label": "admin", "model": "logentry"}}, {"model": "contenttypes.contenttype", "pk": 2, "fields": {"app_label": "auth", "model": "permission"}}, {"model": "contenttypes.contenttype", "pk": 3, "fields": {"app_label": "auth", "model": "group"}}, {"model": "contenttypes.contenttype", "pk": 4, "fields": {"app_label": "auth", "model": "user"}}, {"model": "contenttypes.contenttype", "pk": 5, "fields": {"app_label": "contenttypes", "model": "contenttype"}}, {"model": "contenttypes.contenttype", "pk": 6, "fields": {"app_label": "sessions", "model": "session"}}, {"model": "contenttypes.contenttype", "pk": 7, "fields": {"app_label": "library_main_app", "model": "author"}}, {"model": "contenttypes.contenttype", "pk": 8, "fields": {"app_label": "library_main_app", "model": "book"}}, {"model": "contenttypes.contenttype", "pk": 9, "fields": {"app_label": "library_main_app", "model": "genre"}}, {"model": "sessions.session", "pk": "46qaybljainkm7kbsdyb05slko8yktht", "fields": {"session_data": ".eJxVjDsOwjAQBe_iGln-xJ9Q0ucMlr27xgHkSHFSIe6OI6WA9s3Me7MQ962EvdEaZmRXJtnld0sRnlQPgI9Y7wuHpW7rnPih8JM2Pi1Ir9vp_h2U2EqvhRgTaUoJUVijEW20zhrwOhs5WMhEg5MesCsmd-aVzElrGKNSBI59vgFiOMM:1rt18a:M1mWYIfek524qSne4aE49-vvhXN-cMLCEhIJ3Ko79Ig", "expire_date": "2024-04-20T08:10:56.415Z"}}, {"model": "sessions.session", "pk": "fvlkcjsxwag6dpyt5gr7m1rwcwdjs1lp", "fields": {"session_data": ".eJxVjDsOwjAQBe_iGln-xJ9Q0ucMlr27xgHkSHFSIe6OI6WA9s3Me7MQ962EvdEaZmRXJtnld0sRnlQPgI9Y7wuHpW7rnPih8JM2Pi1Ir9vp_h2U2EqvhRgTaUoJUVijEW20zhrwOhs5WMhEg5MesCsmd-aVzElrGKNSBI59vgFiOMM:1ru8VY:fXdPEXGJCNStkjq_j5LsLvcfsYNYR9hbbncF4DRMkAU", "expire_date": "2024-04-23T10:15:16.971Z"}}, {"model": "library_main_app.book", "pk": "06f9f85f-c474-4513-b853-47e5305fdab5", "fields": {"title": "Эффективная работа с унаследованным кодом"}}, {"model": "library_main_app.book", "pk": "0c90fa39-82a0-4643-af88-68e5c0aab7a7", "fields": {"title": "Воскресение"}}, {"model": "library_main_app.book", "pk": "107aff17-7234-44b9-be61-b0b4a00e4d19", "fields": {"title": "Карьера программиста"}}, {"model": "library_main_app.book", "pk": "1d31313d-316c-41e7-9bc2-d57cf836af08", "fields": {"title": "Говорящий от имени мёртвых"}}, {"model": "library_main_app.book", "pk": "211ff4b8-e7fb-4e33-ae85-a9dd63d69baf", "fields": {"title": "Три мушкетера"}}, {"model": "library_main_app.book", "pk": "2439ce85-a909-48dc-bef9-761b21ba7948", "fields": {"title": "Олеся"}}, {"model": "library_main_app.book", "pk": "3311a396-acdb-414c-8683-dabf6fde0a99", "fields": {"title": "Сами боги"}}, {"model": "library_main_app.book", "pk": "34977bf8-5d6e-4314-988a-33a0e856a7a3", "fields": {"title": "Психбольница в руках пациентов"}}, {"model": "library_main_app.book", "pk": "352afa3b-1040-4e7e-b3ad-c07b58ecdf28", "fields": {"title": "Записки юного врача"}}, {"model": "library_main_app.book", "pk": "356d73f9-a935-4527-849c-c114a02e8dec", "fields": {"title": "Властелин колец"}}, {"model": "library_main_app.book", "pk": "430b04cc-719f-453f-a726-f2aaad96c5d9", "fields": {"title": "Программист-прагматик"}}, {"model": "library_main_app.book", "pk": "4cb5a592-b038-4e6c-97d0-cb2861011a65", "fields": {"title": "Мифический человеко-месяц"}}, {"model": "library_main_app.book", "pk": "4e5d39f1-af7b-47f6-aac7-558ad75053f2", "fields": {"title": "Head First. Паттерны проектирования"}}, {"model": "library_main_app.book", "pk": "50feb403-990b-4f1c-ab52-0f5a06289390", "fields": {"title": "1984."}}, {"model": "library_main_app.book", "pk": "655e06ad-b468-4de9-b1d4-2e745cfe08ef", "fields": {"title": "Шаблоны корпоративных приложений"}}, {"model": "library_main_app.book", "pk": "661bdf56-9360-4fc6-8751-d7aaaf617c40", "fields": {"title": "Думай как программист Креативный подход к созданию кода. C++ версия"}}, {"model": "library_main_app.book", "pk": "6cb57b17-53f4-4461-8b3a-b2ab3e134f56", "fields": {"title": "Песнь льда и огня"}}, {"model": "library_main_app.book", "pk": "76ce19c9-9e2e-4d55-9288-debcca1e82b9", "fields": {"title": "Чистый код"}}, {"model": "library_main_app.book", "pk": "79bad6e9-abcb-424b-a26a-92f03a222181", "fields": {"title": "Еще более эффективный Agile"}}, {"model": "library_main_app.book", "pk": "7ecabdbc-2864-4367-b440-33d6b86ad9ce", "fields": {"title": "История Дэвида Копперфилда"}}, {"model": "library_main_app.book", "pk": "807bb05c-2e2e-4e2c-984f-c7d61450f5da", "fields": {"title": "Алгоритмы. Построение и анализ"}}, {"model": "library_main_app.book", "pk": "807eb6c9-2fc1-4003-9615-716b0e52702a", "fields": {"title": "Свидание с Рамой"}}, {"model": "library_main_app.book", "pk": "920536d3-daf9-4039-a947-52bf1548f6a2", "fields": {"title": "Пикник на обочине"}}, {"model": "library_main_app.book", "pk": "944137bb-2d26-43aa-8205-1e69fcc2027e", "fields": {"title": "Паттерны объектно-ориентированного проектирования"}}, {"model": "library_main_app.book", "pk": "9c7b7e98-4d7a-4683-b995-669785dbb2d6", "fields": {"title": "Профессиональная разработка программного обеспечения"}}, {"model": "library_main_app.book", "pk": "9cbcf2c8-04f9-4a2c-9f07-e36783fccdd1", "fields": {"title": "Идеальный программист"}}, {"model": "library_main_app.book", "pk": "a5061672-5d6a-467c-8777-884183d620d8", "fields": {"title": "Война и мир"}}, {"model": "library_main_app.book", "pk": "a636e9ce-b01e-4fac-8da6-951c223b1b89", "fields": {"title": "Искусство программирования"}}, {"model": "library_main_app.book", "pk": "b3bbe24b-d680-4083-ab35-11f2c9dcd2e0", "fields": {"title": "Вечера на хуторе близ Диканьки"}}, {"model": "library_main_app.book", "pk": "bdc9624b-68e0-4632-b752-ec40981717fa", "fields": {"title": "Дюна"}}, {"model": "library_main_app.book", "pk": "c79cce91-b0fa-495a-b96b-08b4d5cd315e", "fields": {"title": "Рефакторинг Улучшение проекта, существующего кода"}}, {"model": "library_main_app.book", "pk": "c986851b-a464-48f9-bef2-b9ba91223d01", "fields": {"title": "Test 3"}}, {"model": "library_main_app.book", "pk": "ceec3a60-c319-4598-a86a-f85fdc962851", "fields": {"title": "Совершенный код"}}, {"model": "library_main_app.book", "pk": "d1acc871-3240-4d2d-81a3-72c1aa2853e5", "fields": {"title": "Отцы и дети"}}, {"model": "library_main_app.book", "pk": "d924eb2e-7054-4f07-86e9-4539b83d3776", "fields": {"title": "Граф Монте-Кристо"}}, {"model": "library_main_app.book", "pk": "e60385d5-1ef7-4e84-94f7-d670f8a0774b", "fields": {"title": "Грокаем алгоритмы Иллюстрированное пособие для программистов и любопытствующих"}}, {"model": "library_main_app.author", "pk": "0646d2e1-0302-4dbe-81b5-a72afda39e2a", "fields": {"title": "Эрих Гамма", "books": ["944137bb-2d26-43aa-8205-1e69fcc2027e"]}}, {"model": "library_main_app.author", "pk": "11c9eabd-ffd5-4909-a545-9b38440b8ca5", "fields": {"title": "Фредерик Брукс", "books": ["4cb5a592-b038-4e6c-97d0-cb2861011a65"]}}, {"model": "library_main_app.author", "pk": "1363242e-baff-4730-9245-fc2d7c2823d2", "fields": {"title": "Берт Бейтс", "books": ["4e5d39f1-af7b-47f6-aac7-558ad75053f2"]}}, {"model": "library_main_app.author", "pk": "1649f56b-61c7-4775-a1eb-fbf859d39bab", "fields": {"title": "Александр Куприн", "books": ["2439ce85-a909-48dc-bef9-761b21ba7948"]}}, {"model": "library_main_app.author", "pk": "193d132a-b01c-4026-8f2f-233084638b69", "fields": {"title": "Дон Робертс", "books": ["c79cce91-b0fa-495a-b96b-08b4d5cd315e"]}}, {"model": "library_main_app.author", "pk": "1fd1b656-c9d2-4c45-850e-12d7446b8676", "fields": {"title": "Антон Спрол", "books": ["661bdf56-9360-4fc6-8751-d7aaaf617c40"]}}, {"model": "library_main_app.author", "pk": "1fdaf384-6612-483d-97c0-db76fb818583", "fields": {"title": "Чарльз Лейзерсон", "books": ["807bb05c-2e2e-4e2c-984f-c7d61450f5da"]}}, {"model": "library_main_app.author", "pk": "2afc44c0-4721-4d87-86c2-6e13bffd924f", "fields": {"title": "Джон Толкин", "books": ["356d73f9-a935-4527-849c-c114a02e8dec"]}}, {"model": "library_main_app.author", "pk": "2bdd4268-7678-4a09-9ea0-634bb325cbd5", "fields": {"title": "Айзек Азимов", "books": ["3311a396-acdb-414c-8683-dabf6fde0a99"]}}, {"model": "library_main_app.author", "pk": "3a0d1431-e7b1-40cc-9ff3-9236dfbbb229", "fields": {"title": "Эндрю Хант", "books": ["430b04cc-719f-453f-a726-f2aaad96c5d9"]}}, {"model": "library_main_app.author", "pk": "40c36eea-fbc7-453c-b745-6148e004eac7", "fields": {"title": "Джон Брант", "books": ["c79cce91-b0fa-495a-b96b-08b4d5cd315e"]}}, {"model": "library_main_app.author", "pk": "4ca1358a-de83-4554-b86a-89dca02bbcae", "fields": {"title": "Кент Бек", "books": ["c79cce91-b0fa-495a-b96b-08b4d5cd315e"]}}, {"model": "library_main_app.author", "pk": "5a10a6f9-0cd1-456f-9b99-0e2ae4fa521e", "fields": {"title": "Джон Влиссидес", "books": ["944137bb-2d26-43aa-8205-1e69fcc2027e"]}}, {"model": "library_main_app.author", "pk": "62717281-6172-4ea6-8355-7feda05e880c", "fields": {"title": "Борис Стругацкий", "books": ["920536d3-daf9-4039-a947-52bf1548f6a2"]}}, {"model": "library_main_app.author", "pk": "65a78b2c-5e38-4101-aec6-49a97da5580b", "fields": {"title": "Майкл Физерс", "books": ["06f9f85f-c474-4513-b853-47e5305fdab5"]}}, {"model": "library_main_app.author", "pk": "6bede439-1600-4b4d-9d6c-ef789f44d87c", "fields": {"title": "Мартин Фаулер", "books": ["c79cce91-b0fa-495a-b96b-08b4d5cd315e", "655e06ad-b468-4de9-b1d4-2e745cfe08ef"]}}, {"model": "library_main_app.author", "pk": "7628df7d-5d74-45dc-8e81-3df750024a15", "fields": {"title": "Артур Кларк", "books": ["807eb6c9-2fc1-4003-9615-716b0e52702a"]}}, {"model": "library_main_app.author", "pk": "765f9676-ffb7-4248-b72f-7be7c97f5f69", "fields": {"title": "Девид Томас", "books": ["430b04cc-719f-453f-a726-f2aaad96c5d9"]}}, {"model": "library_main_app.author", "pk": "798cd5b9-ed05-4b63-9590-d31ae73a0569", "fields": {"title": "Фрэнк Герберт", "books": ["bdc9624b-68e0-4632-b752-ec40981717fa"]}}, {"model": "library_main_app.author", "pk": "8721dc4e-dd2b-4532-b96e-15961b07fc9c", "fields": {"title": "Роберт Мартин", "books": ["76ce19c9-9e2e-4d55-9288-debcca1e82b9", "9cbcf2c8-04f9-4a2c-9f07-e36783fccdd1"]}}, {"model": "library_main_app.author", "pk": "91abb5ad-028a-4a6b-967b-f3aa75bb726c", "fields": {"title": "Аркадий Стругацкий", "books": ["920536d3-daf9-4039-a947-52bf1548f6a2"]}}, {"model": "library_main_app.author", "pk": "95c37f52-ffff-4f86-94f8-674484502abf", "fields": {"title": "Кэти Сьерра", "books": ["4e5d39f1-af7b-47f6-aac7-558ad75053f2"]}}, {"model": "library_main_app.author", "pk": "99dd4655-f99f-4bb2-825c-924b1663d632", "fields": {"title": "Михаил Булгаков", "books": ["352afa3b-1040-4e7e-b3ad-c07b58ecdf28"]}}, {"model": "library_main_app.author", "pk": "ac42e279-8379-4e3c-961e-572944d4d6a3", "fields": {"title": "Адитья Бхаргава", "books": ["e60385d5-1ef7-4e84-94f7-d670f8a0774b"]}}, {"model": "library_main_app.author", "pk": "b00dda61-542a-4e5a-9bff-24c64a8a0a68", "fields": {"title": "Клиффорд Штайн", "books": ["807bb05c-2e2e-4e2c-984f-c7d61450f5da"]}}, {"model": "library_main_app.author", "pk": "b0428acf-8ef9-4c76-a471-56d2de7c191a", "fields": {"title": "Ральф Джонсон", "books": ["944137bb-2d26-43aa-8205-1e69fcc2027e"]}}, {"model": "library_main_app.author", "pk": "b37b5881-1188-49ae-9ce4-02e151e3f444", "fields": {"title": "Эрик Фримен", "books": ["4e5d39f1-af7b-47f6-aac7-558ad75053f2"]}}, {"model": "library_main_app.author", "pk": "b3a2e213-f4e5-4f9c-87fd-fe2e6fc8a30c", "fields": {"title": "Лев Толстой", "books": ["a5061672-5d6a-467c-8777-884183d620d8", "0c90fa39-82a0-4643-af88-68e5c0aab7a7"]}}, {"model": "library_main_app.author", "pk": "b646549b-22c3-4479-8d57-dbbfb92bd363", "fields": {"title": "Элизабет Робсон", "books": ["4e5d39f1-af7b-47f6-aac7-558ad75053f2"]}}, {"model": "library_main_app.author", "pk": "b6704c30-212c-4e46-9a19-df152721d8ce", "fields": {"title": "Уильям Апдайк", "books": ["c79cce91-b0fa-495a-b96b-08b4d5cd315e"]}}, {"model": "library_main_app.author", "pk": "c4144c1c-dd64-4eae-99b0-db76961e4d6d", "fields": {"title": "Джордж Мартин", "books": ["6cb57b17-53f4-4461-8b3a-b2ab3e134f56"]}}, {"model": "library_main_app.author", "pk": "ce164a08-87ef-4d3b-bd03-ef1d6deda3d3", "fields": {"title": "Гейл Лакман Макдауэлл", "books": ["107aff17-7234-44b9-be61-b0b4a00e4d19"]}}, {"model": "library_main_app.author", "pk": "d091526f-1e3c-4885-897d-2defcc4b3842", "fields": {"title": "Орсон Скотт Кард", "books": ["1d31313d-316c-41e7-9bc2-d57cf836af08"]}}, {"model": "library_main_app.author", "pk": "d16d87b9-f25c-4a32-ad64-cfd5a95eb6d2", "fields": {"title": "Иван Тургенев", "books": ["d1acc871-3240-4d2d-81a3-72c1aa2853e5"]}}, {"model": "library_main_app.author", "pk": "dd944852-438a-4154-9c93-75e608683ad3", "fields": {"title": "Томас Кормен", "books": ["807bb05c-2e2e-4e2c-984f-c7d61450f5da"]}}, {"model": "library_main_app.author", "pk": "ddc8f995-65f4-4f9d-bf38-149347bb4237", "fields": {"title": "Джордж Оруэлл", "books": ["50feb403-990b-4f1c-ab52-0f5a06289390"]}}, {"model": "library_main_app.author", "pk": "e18b6b33-a351-4b86-b2d5-df756ce9fff3", "fields": {"title": "Николай Гоголь", "books": ["b3bbe24b-d680-4083-ab35-11f2c9dcd2e0"]}}, {"model": "library_main_app.author", "pk": "e20eceb4-b543-4e04-95ee-bbbb5173ab68", "fields": {"title": "Рональд Ривест", "books": ["807bb05c-2e2e-4e2c-984f-c7d61450f5da"]}}, {"model": "library_main_app.author", "pk": "e2cd3f45-50fd-45f0-93b5-91bbce690f82", "fields": {"title": "Дональд Кнут", "books": ["a636e9ce-b01e-4fac-8da6-951c223b1b89"]}}, {"model": "library_main_app.author", "pk": "e3284404-8456-47af-b76b-6e7e96ba319d", "fields": {"title": "Александр Дюма", "books": ["211ff4b8-e7fb-4e33-ae85-a9dd63d69baf", "d924eb2e-7054-4f07-86e9-4539b83d3776"]}}, {"model": "library_main_app.author", "pk": "e6ccb247-58d1-41be-9e14-5afce2dcd1f4", "fields": {"title": "Ричард Хелм", "books": ["944137bb-2d26-43aa-8205-1e69fcc2027e"]}}, {"model": "library_main_app.author", "pk": "e9123ce8-e965-4cf7-83de-10942840ef49", "fields": {"title": "Стив Макконнелл", "books": ["ceec3a60-c319-4598-a86a-f85fdc962851", "9c7b7e98-4d7a-4683-b995-669785dbb2d6", "79bad6e9-abcb-424b-a26a-92f03a222181"]}}, {"model": "library_main_app.author", "pk": "f385d222-12a9-453b-a277-bd0df7106b6d", "fields": {"title": "Алан Купер", "books": ["34977bf8-5d6e-4314-988a-33a0e856a7a3"]}}, {"model": "library_main_app.genre", "pk": "079f21a0-b3d3-4f6d-af27-a78d0b4b38ab", "fields": {"title": "Фантастика", "books": ["807eb6c9-2fc1-4003-9615-716b0e52702a", "50feb403-990b-4f1c-ab52-0f5a06289390", "3311a396-acdb-414c-8683-dabf6fde0a99", "1d31313d-316c-41e7-9bc2-d57cf836af08", "920536d3-daf9-4039-a947-52bf1548f6a2", "356d73f9-a935-4527-849c-c114a02e8dec", "6cb57b17-53f4-4461-8b3a-b2ab3e134f56", "bdc9624b-68e0-4632-b752-ec40981717fa"]}}, {"model": "library_main_app.genre", "pk": "711e4bc2-2a99-4c85-9937-73183d7d03c0", "fields": {"title": "Программирование", "books": ["9c7b7e98-4d7a-4683-b995-669785dbb2d6", "76ce19c9-9e2e-4d55-9288-debcca1e82b9", "c79cce91-b0fa-495a-b96b-08b4d5cd315e", "430b04cc-719f-453f-a726-f2aaad96c5d9", "e60385d5-1ef7-4e84-94f7-d670f8a0774b", "ceec3a60-c319-4598-a86a-f85fdc962851", "107aff17-7234-44b9-be61-b0b4a00e4d19", "661bdf56-9360-4fc6-8751-d7aaaf617c40", "34977bf8-5d6e-4314-988a-33a0e856a7a3", "655e06ad-b468-4de9-b1d4-2e745cfe08ef", "a636e9ce-b01e-4fac-8da6-951c223b1b89", "944137bb-2d26-43aa-8205-1e69fcc2027e", "06f9f85f-c474-4513-b853-47e5305fdab5", "4e5d39f1-af7b-47f6-aac7-558ad75053f2", "4cb5a592-b038-4e6c-97d0-cb2861011a65", "79bad6e9-abcb-424b-a26a-92f03a222181", "9cbcf2c8-04f9-4a2c-9f07-e36783fccdd1", "807bb05c-2e2e-4e2c-984f-c7d61450f5da"]}}, {"model": "library_main_app.genre", "pk": "cb23f739-2481-42c3-8f6f-718a9c57737c", "fields": {"title": "Классика", "books": ["a5061672-5d6a-467c-8777-884183d620d8", "d1acc871-3240-4d2d-81a3-72c1aa2853e5", "0c90fa39-82a0-4643-af88-68e5c0aab7a7", "d924eb2e-7054-4f07-86e9-4539b83d3776", "b3bbe24b-d680-4083-ab35-11f2c9dcd2e0", "352afa3b-1040-4e7e-b3ad-c07b58ecdf28", "211ff4b8-e7fb-4e33-ae85-a9dd63d69baf", "2439ce85-a909-48dc-bef9-761b21ba7948"]}}]